AHJ Name,AHJ Type,County,Electric Utility,Comprehensive Plan,Moratorium,Zoning Map,Past Solar Project?,Project Names,Status,Approval/Denial Year,Council Votes,Zoning,Project Size (MW),Citizen Concerns,Official Concerns,Parcel ID/Address,Reference Link ,AHJ Download Folder,Project Sentiment (1-3),AHJ General Sentiment (1-3)
Dunlap,Village,Peoria,Ameren,https://www.villageofdunlap-il.gov/uploads/1/2/3/0/123017075/dunlap_comp_plan_-_final_draft.pdf,None,https://drive.google.com/file/d/1BauyR23TaDA_nSgm1cDYydu7v6ILZT1R/view,Yes,Cypress Creek Renewables (2018),Denied        ,2018,"1-5 (Yea: Sheila Taylor; Nay: Barrington, Anderson, Feuchter, Esterdahl, Slane)",Special Use Permit (Peoria County Zoning Board)        ,Not specified,"- Field tile interruption
- Transfers money to the rich
- Doesn’t fit Peoria County small area plan
- Lack of visual buffers (trees)
- Unsightly for neighbors
- Lower property values
- Non-local landowner won’t face impact","- Legal risk if blocking development on pre-annexed land
- Unclear if plot is suitable
- Concern about setting precedent for village", N/A,"https://drive.google.com/file/d/1KuNJO-cRyzuFalsXxNS5PtBjYI2onTK6/view?usp=drive_link
https://drive.google.com/file/d/124Qfcid2jF3cq8EzNvpkKHhHggrYbxl1/view?usp=drive_link",https://drive.google.com/drive/folders/1KyCir8VnH-t1pTZfsHito1j2WTLZi8Hr?usp=drive_link,1,3
Dunlap,Village,Peoria,Ameren,https://www.villageofdunlap-il.gov/uploads/1/2/3/0/123017075/dunlap_comp_plan_-_final_draft.pdf,None,https://drive.google.com/file/d/1BauyR23TaDA_nSgm1cDYydu7v6ILZT1R/view,Yes,"Inoka Farms, LLC Solar Farm / Cultivate Power Solar Farm (2024)",Approved,2024,All ayes (unanimous),Special Use Request; property is pre-annexed in the Village of Dunlap,1.2 MW, N/A,"- The village recognized a need to update its solar farm ordinances. 
- Angela Feria requested that the letter and resolution be edited before being submitted to Peoria County. 
- The board discussed the potential implications of the annexation of the EJJNP Property",near the corner of Route 91 and Grange Hall Road,https://drive.google.com/file/d/1iyAT4u613sMHx5D2FpWq43fc6GA53cOq/view?usp=drive_link,https://drive.google.com/drive/folders/1KyCir8VnH-t1pTZfsHito1j2WTLZi8Hr?usp=drive_link,3,3
Princeville,Viilage,Peoria,Ameren,"https://princeville.org/wp-content/uploads/2022/12/Village-of-Princeville-Comprehensive-Plan-3.1.21-1.pdf
https://princeville.org/wp-content/uploads/2022/12/solar-ord_20210409153107.pdf",None,,No,N/A,N/A,N/A,N/A,N/A,N/A,N/A,N/A,N/A,N/A,https://drive.google.com/drive/folders/1ENV2nPyVnmX2MBEWdiPNAsnff34QuFGc?usp=drive_link,N/A,N/A
Bloomington,City,McLean,Ameren, https://www.bloomingtonil.gov/home/showpublisheddocument/12032/636392697426830000,None,https://www.bloomingtonil.gov/home/showpublisheddocument/31577/638878475509970000,Yes,Washington Street (Hruska/New Leaf Energy) (2024),Approved,2024,"Planning Commission: 6-0-0 
City Council vote: N/A",Agriculture,5 MW,"- Potential height, setbacks, and screening of the facility. Specifically, there were concerns about a 20-foot and 2-inch ""array pitch"" being the actual height, which the applicant clarified as the distance between arrays, with the actual maximum height being less than 10 feet. 
- Potential home devaluation, future expansion of solar uses, loss of enjoyment of property, and the desire for additional screening along chain-link fences. 
- Health risks, hazardous materials, and potential for sun and air pollution, and questioned responsibility for maintenance and repairs
- Vegetative buffer required ","- Official discussions acknowledged public concerns about height, setbacks, and screening, leading to modifications in the agreement to address them. 
- Staff confirmed that expanded use would require additional review, and fire protection would be addressed through standard building permit processes and NFPA standards.
- Staff also clarified that increased setbacks beyond adopted requirements would need text amendments to the Zoning Code.",20-01-300-004,"https://drive.google.com/file/d/1sD0q94EIKVcwUy9_uqtigE6i5yeLbQGF/view?usp=drive_link
https://drive.google.com/file/d/1pfeEIwKhjMMv_HcSx6UQAsjAB214M66Y/view?usp=drive_link
https://drive.google.com/file/d/1NbEHZBIse5em3L8nfy0sXARqe4ch7n-o/view?usp=drive_link",https://drive.google.com/drive/folders/1R5b1Pz0w1pJPZH8cxPRTAb0ZlQgHGig4?usp=drive_link,3,3
Bloomington,City,McLean,Ameren, https://www.bloomingtonil.gov/home/showpublisheddocument/12032/636392697426830001 ,None,https://www.bloomingtonil.gov/home/showpublisheddocument/31577/638878475509970001,Yes,"Bloomington Big Solar Subdivision (BBig Solar, LLC) (2025)",Approved,2025,All ayes (unanimous),Agriculture,17 ac community-scale array; MW TBD, N/A,- The property is primarily accessible by substandard roads and not currently serviceable by public water or sewer,21-20-100-006,"https://drive.google.com/file/d/1PdikDKfKVSJq_e4QuSj4MzQvYbIDmW03/view?usp=drive_link
https://drive.google.com/file/d/1Qpx4KCnMK3BDE2ODvqoSI8roKi8gFhsa/view?usp=drive_link
https://drive.google.com/file/d/1TY26vSpM5tsEUZ5rrif3Yrx_YE1Ho9bx/view?usp=drive_link",https://drive.google.com/drive/folders/1R5b1Pz0w1pJPZH8cxPRTAb0ZlQgHGig4?usp=drive_link,3,3
Bloomington,City,McLean,Ameren, https://www.bloomingtonil.gov/home/showpublisheddocument/12032/636392697426830002 ,None,https://www.bloomingtonil.gov/home/showpublisheddocument/31577/638878475509970002,Yes,East Street Basin – Home Sweet Home Ministries (HSHM) Rooftop Solar & Ecology Action Center Solar-Education Displays (2024),Approved,2024,N/A ,"installing rooftop solar panels on existing buildings used by Home Sweet Home Ministries, specifically their homeless shelter at 303 E. Oakland Ave. and their building at 301 E. Oakland Ave. ", N/A, N/A, N/A,Not listed (addresses 301 & 303 E. Oakland Ave.),https://drive.google.com/file/d/1ztxseSseYW5tiST1y2KZJyxL21rek-_L/view?usp=drive_link,https://drive.google.com/drive/folders/1R5b1Pz0w1pJPZH8cxPRTAb0ZlQgHGig4?usp=drive_link,3,3
McLean,County,McLean,Ameren,https://npr.brightspotcdn.com/70/34/9229f7094ccd808bfbdcb393c7ea/strategic-land-use-map-final-draft-june-23-2025.pdf,None,https://www.mcleancountyil.gov/DocumentCenter/View/17759/Zoning-Map-Countywide-3_13_2020,Yes,"Yarrow Solar, LLC (2025)",Approved,2025,"ZBA Recommendation: 7-0
City Council vote: N/A",Agriculture,5 MW,"

N/A",N/A,33-12-400-008,https://drive.google.com/file/d/1OtNpz3vKasu8KwqbrKjsK8JWzuJYC2so/view?usp=drive_link,https://drive.google.com/drive/folders/1KWXOvwiAWLLgSBBjDeigiQyxSEgntpxm?usp=drive_link,3,3
McLean,County,McLean,Ameren,https://npr.brightspotcdn.com/70/34/9229f7094ccd808bfbdcb393c7ea/strategic-land-use-map-final-draft-june-23-2025.pdf,None,https://www.mcleancountyil.gov/DocumentCenter/View/17759/Zoning-Map-Countywide-3_13_2021,Yes,"AES DE DevCo NC, LLC (2019)",Approved,2019,"ZBA Recommendation: 7-0-2
City Council vote: N/A",Agriculture,N/A,N/A,N/A,21-20-200-003,https://drive.google.com/file/d/138DeM5Cbl54Qek5yUBWNWoNVppbluatR/view?usp=drive_link,https://drive.google.com/drive/folders/1KWXOvwiAWLLgSBBjDeigiQyxSEgntpxm?usp=drive_link,3,3
McLean,County,McLean,Ameren,https://npr.brightspotcdn.com/70/34/9229f7094ccd808bfbdcb393c7ea/strategic-land-use-map-final-draft-june-23-2025.pdf,None,https://www.mcleancountyil.gov/DocumentCenter/View/17759/Zoning-Map-Countywide-3_13_2022,Yes,"Arrowsmith I Solar, LLC (by Cypress Creek
Renewables) (2018)",Approved,2018,16-2,Agriculture,2 MW,N/A,N/A,24-14-300-006,"https://drive.google.com/file/d/10lUjZ3NhJb5IG3Dkhfp--1dxIN6y_2jr/view?usp=drive_link
https://drive.google.com/file/d/1OELuw8iX3HNvJM3_hu0jt9ipEYnaG6e9/view?usp=drive_link",https://drive.google.com/drive/folders/1KWXOvwiAWLLgSBBjDeigiQyxSEgntpxm?usp=drive_link,3,3
McLean,County,McLean,Ameren,https://npr.brightspotcdn.com/70/34/9229f7094ccd808bfbdcb393c7ea/strategic-land-use-map-final-draft-june-23-2025.pdf,None,https://www.mcleancountyil.gov/DocumentCenter/View/17759/Zoning-Map-Countywide-3_13_2023,Yes,"Arrowsmith II Solar, LLC (by Cypress Creek
Renewables) (2018)",Approved,2018,16-2,Agriculture,2 MW,N/A,N/A,24-14-400-002,"https://drive.google.com/file/d/10lUjZ3NhJb5IG3Dkhfp--1dxIN6y_2jr/view?usp=drive_link
https://drive.google.com/file/d/1kZKyxle3L_ZO_c4imVUZgxi2NZFC0VEK/view?usp=drive_link",https://drive.google.com/drive/folders/1KWXOvwiAWLLgSBBjDeigiQyxSEgntpxm?usp=drive_link,3,3
McLean,County,McLean,Ameren,https://npr.brightspotcdn.com/70/34/9229f7094ccd808bfbdcb393c7ea/strategic-land-use-map-final-draft-june-23-2025.pdf,None,https://www.mcleancountyil.gov/DocumentCenter/View/17759/Zoning-Map-Countywide-3_13_2024,Yes,"Heyworth Solar, LLC (by Geronimo Energy) (2018)",Approved,2018,17-2 (Nay: Members Cavallini and Metsker),Agriculture,4 MW,N/A ,N/A ,34-07-400-004,"https://drive.google.com/file/d/1H5x9_E-ENcY0lKF4_3MYDFC7yACyc7DH/view?usp=drive_link
https://drive.google.com/file/d/1BqqP8iYcgkXAfMq68IDhWEd1sl85dZ1y/view?usp=drive_link
https://drive.google.com/file/d/1PzBYh_iXacTrCp9PZQIsk7GZO3D5wqyk/view?usp=drive_link
https://drive.google.com/file/d/12D_0gBONrSSHiIi9dordexeqDJMFy36U/view?usp=sharing",https://drive.google.com/drive/folders/1KWXOvwiAWLLgSBBjDeigiQyxSEgntpxm?usp=drive_link,3,3
McLean,County,McLean,Ameren,https://npr.brightspotcdn.com/70/34/9229f7094ccd808bfbdcb393c7ea/strategic-land-use-map-final-draft-june-23-2025.pdf,None,https://www.mcleancountyil.gov/DocumentCenter/View/17759/Zoning-Map-Countywide-3_13_2025,Yes,"Heyworth Renewables I&II, LLC (by Nexamp, Inc.) (2018)",Approved,2018,NA-2 (Nay: Members Cavallini and Metsker),Agriculture,2 * 2 MW = 4 MW,N/A ,N/A ,35-10-100-006,"https://drive.google.com/file/d/19I7LTqJ_4UDDWpgF4yHltdt1I_29s5qs/view?usp=drive_link
https://www.mcleancountyil.gov/DocumentCenter/View/13205/SU-18-18-Heyworth-Renewables-I-LLC-by-Nexamp-Inc?bidId=
https://www.mcleancountyil.gov/DocumentCenter/View/13204/SU-18-19-Heyworth-Renewables-II-LLC-by-Nexamp-Inc?bidId=",https://drive.google.com/drive/folders/1KWXOvwiAWLLgSBBjDeigiQyxSEgntpxm?usp=drive_link,3,3
McLean,County,McLean,Ameren,https://npr.brightspotcdn.com/70/34/9229f7094ccd808bfbdcb393c7ea/strategic-land-use-map-final-draft-june-23-2025.pdf,None,https://www.mcleancountyil.gov/DocumentCenter/View/17759/Zoning-Map-Countywide-3_13_2026,Yes,"Arrowsmith Renewables I, LLC (by Nexamp, Inc.) (2018)",Approved,2018,NA-1 (Nay: Member Metsker),Agriculture,2 MW,- Potential for diminished property values or negative impact on adjacent properties (standard met).,N/A ,24-21-200-007,"https://drive.google.com/file/d/16_qQy1ut8flkxOu3TiMjcDfLbNUwDdAk/view?usp=drive_link
https://drive.google.com/file/d/1mYba9qzcbXivTFd0whyV4mbH1CRcpDyf/view?usp=drive_link",https://drive.google.com/drive/folders/1KWXOvwiAWLLgSBBjDeigiQyxSEgntpxm?usp=drive_link,3,3
McLean,County,McLean,Ameren,https://npr.brightspotcdn.com/70/34/9229f7094ccd808bfbdcb393c7ea/strategic-land-use-map-final-draft-june-23-2025.pdf,None,https://www.mcleancountyil.gov/DocumentCenter/View/17759/Zoning-Map-Countywide-3_13_2027,Yes,"Arrowsmith Renewables II, LLC (by Nexamp, Inc.) (2018)",Approved,2018,NA-2,Agriculture,2 MW,N/A ,N/A ,24-21-200-007,"https://drive.google.com/file/d/16_qQy1ut8flkxOu3TiMjcDfLbNUwDdAk/view?usp=drive_link
https://drive.google.com/file/d/1mYba9qzcbXivTFd0whyV4mbH1CRcpDyf/view?usp=drive_link",https://drive.google.com/drive/folders/1KWXOvwiAWLLgSBBjDeigiQyxSEgntpxm?usp=drive_link,3,3
McLean,County,McLean,Ameren,https://npr.brightspotcdn.com/70/34/9229f7094ccd808bfbdcb393c7ea/strategic-land-use-map-final-draft-june-23-2025.pdf,None,https://www.mcleancountyil.gov/DocumentCenter/View/17759/Zoning-Map-Countywide-3_13_2028,Yes,"Towanda Solar, LLC (2018)",Approved,2018,17-2 (Nay: Members Cavallini and Metsker),Agriculture,2 MW,N/A ,N/A ,20-23-400-009 and 20-23-400-010,"https://drive.google.com/file/d/1BqqP8iYcgkXAfMq68IDhWEd1sl85dZ1y/view?usp=drive_link
https://drive.google.com/file/d/1WDxVi_pHwiwZ4nPDJkAWQGqOm8RapWvC/view?usp=drive_link
https://drive.google.com/file/d/1EqJeX3gWPEp0I7bsXLoMA5GWBmQbF3Ni/view?usp=drive_link
https://drive.google.com/file/d/1i2uoZRrYfNRbk8WkZ5W6iNscW7yaUQtf/view?usp=drive_link
https://drive.google.com/file/d/12D_0gBONrSSHiIi9dordexeqDJMFy36U/view?usp=sharing",https://drive.google.com/drive/folders/1KWXOvwiAWLLgSBBjDeigiQyxSEgntpxm?usp=drive_link,3,3
McLean,County,McLean,Ameren,https://npr.brightspotcdn.com/70/34/9229f7094ccd808bfbdcb393c7ea/strategic-land-use-map-final-draft-june-23-2025.pdf,None,https://www.mcleancountyil.gov/DocumentCenter/View/17759/Zoning-Map-Countywide-3_13_2029,Yes,"Breezewood Solar, LLC (2018)",Approved,2018,N/A ,Agriculture,2 MW,N/A ,N/A ,21-21-176-002,"https://drive.google.com/file/d/1--xkFga3Dbr7Uv4KpEqKWlHxHbJ6Jku_/view?usp=drive_link
https://drive.google.com/file/d/1EqJeX3gWPEp0I7bsXLoMA5GWBmQbF3Ni/view?usp=drive_link
https://drive.google.com/file/d/1R1UCpkMk5bGetVQESNSCsze8d1LHdZND/view?usp=drive_link
https://drive.google.com/file/d/10_6ZhkNwN6Hx6TDgBVowhk_jt7_x4efm/view?usp=drive_link
https://drive.google.com/file/d/14hz-TeDKMCLT05CEmP9cs5NqjMu1KGzI/view?usp=drive_link",https://drive.google.com/drive/folders/1KWXOvwiAWLLgSBBjDeigiQyxSEgntpxm?usp=drive_link,3,3
McLean,County,McLean,Ameren,https://npr.brightspotcdn.com/70/34/9229f7094ccd808bfbdcb393c7ea/strategic-land-use-map-final-draft-june-23-2025.pdf,None,https://www.mcleancountyil.gov/DocumentCenter/View/17759/Zoning-Map-Countywide-3_13_2030,Yes,"ASD McLean IL Solar I, LLC (PureSky Energy) (2018)",Approved,2018,"ZBA Recommendation: 7-0
City Council vote: N/A",Agriculture,2 * 2 MW = 4 MW,N/A ,"- Stipulation for escrow agreement ($279,161.75) for decommissioning costs. 
- Requires Agricultural Impact Mitigation Agreement (AIMA) and financial assurance for decommissioning. 
- Field tile damage must be repaired, stormwater management plan required, lighting must be shielded and for security/safety only",22-31-100-003 & 22-30-300-002,"https://drive.google.com/file/d/1BqqP8iYcgkXAfMq68IDhWEd1sl85dZ1y/view?usp=drive_link
https://drive.google.com/file/d/1YMIRr4yMKB7QihdGq5gJ-ro8wBVn27BV/view?usp=drive_link
https://drive.google.com/file/d/1YM8_9XKhQUVSn3o28Hi55rujGbE4U1tc/view?usp=drive_link
https://drive.google.com/file/d/1darKbO1ErMRqSVtDnHY-y0-ZV0Xa_yLG/view?usp=drive_link",https://drive.google.com/drive/folders/1KWXOvwiAWLLgSBBjDeigiQyxSEgntpxm?usp=drive_link,3,3
McLean,County,McLean,Ameren,https://npr.brightspotcdn.com/70/34/9229f7094ccd808bfbdcb393c7ea/strategic-land-use-map-final-draft-june-23-2025.pdf,None,https://www.mcleancountyil.gov/DocumentCenter/View/17759/Zoning-Map-Countywide-3_13_2031,Yes,"ASD McLean IL Solar II, LLC (2018)",Approved,2018,All ayes (unanimous),Agriculture,2 MW,N/A ,N/A ,21-22-326-003,"https://drive.google.com/file/d/1T8FnS3U5Xq7py6CBS7UFf7mtew_JbNUr/view?usp=drive_link
https://drive.google.com/file/d/19I7LTqJ_4UDDWpgF4yHltdt1I_29s5qs/view?usp=sharing",https://drive.google.com/drive/folders/1KWXOvwiAWLLgSBBjDeigiQyxSEgntpxm?usp=drive_link,3,3
McLean,County,McLean,Ameren,https://npr.brightspotcdn.com/70/34/9229f7094ccd808bfbdcb393c7ea/strategic-land-use-map-final-draft-june-23-2025.pdf,None,https://www.mcleancountyil.gov/DocumentCenter/View/17759/Zoning-Map-Countywide-3_13_2032,Yes,"ASD McLean IL Solar III, LLC (PureSky Energy) (2018)",Approved,2018,"ZBA Recommendation: 7-0
City Council vote: N/A",Agriculture,2 MW,N/A ,N/A ,"21-27-351-002, 21-27-352-002 & 21-34-100-010 (also 21-34-100-002 in)","https://drive.google.com/file/d/1T8FnS3U5Xq7py6CBS7UFf7mtew_JbNUr/view?usp=drive_link
https://drive.google.com/file/d/1YM8_9XKhQUVSn3o28Hi55rujGbE4U1tc/view?usp=drive_link
https://drive.google.com/file/d/1iAIwhVdP5Wn6yBcXOOnXRfzreCLwhaQd/view?usp=drive_link
https://drive.google.com/file/d/1darKbO1ErMRqSVtDnHY-y0-ZV0Xa_yLG/view?usp=sharing",https://drive.google.com/drive/folders/1KWXOvwiAWLLgSBBjDeigiQyxSEgntpxm?usp=drive_link,3,3
McLean,County,McLean,Ameren,https://npr.brightspotcdn.com/70/34/9229f7094ccd808bfbdcb393c7ea/strategic-land-use-map-final-draft-june-23-2025.pdf,None,https://www.mcleancountyil.gov/DocumentCenter/View/17759/Zoning-Map-Countywide-3_13_2033,Yes,"ASD McLean IL Solar IV, LLC (by Amp Solar Development, Inc.) (2019)",Approved,2019,N/A ,Agriculture,N/A ,N/A ,N/A ,20-35-476-002,https://drive.google.com/file/d/138DeM5Cbl54Qek5yUBWNWoNVppbluatR/view?usp=drive_link,https://drive.google.com/drive/folders/1KWXOvwiAWLLgSBBjDeigiQyxSEgntpxm?usp=drive_link,3,3
McLean,County,McLean,Ameren,https://npr.brightspotcdn.com/70/34/9229f7094ccd808bfbdcb393c7ea/strategic-land-use-map-final-draft-june-23-2025.pdf,None,https://www.mcleancountyil.gov/DocumentCenter/View/17759/Zoning-Map-Countywide-3_13_2034,Yes,"ASD McLean IL Solar V, LLC (PureSky Energy) (2019)",Approved,2019,"ZBA Recommendation: 7-0
City Council vote: N/A",Agriculture & M-2 General Manufacturing Districts,4 MW,N/A ,"- An Agricultural Impact Mitigation Agreement (AIMA) and financial assurance for decommissioning are required. 
- A decommissioning plan and proposed decommissioning bond for $100,000 were stipulated. Surety updates required every five years. The Illinois Department of Natural Resources (IDNR) found no record of State-listed threatened or endangered species in the vicinity, and consultation was terminated. Field tile damage must be repaired. ",02-01-300-011,"https://drive.google.com/file/d/138DeM5Cbl54Qek5yUBWNWoNVppbluatR/view?usp=drive_link
https://drive.google.com/file/d/1iAIwhVdP5Wn6yBcXOOnXRfzreCLwhaQd/view?usp=drive_link
https://drive.google.com/file/d/1YM8_9XKhQUVSn3o28Hi55rujGbE4U1tc/view?usp=drive_link
https://drive.google.com/file/d/1darKbO1ErMRqSVtDnHY-y0-ZV0Xa_yLG/view?usp=sharing",https://drive.google.com/drive/folders/1KWXOvwiAWLLgSBBjDeigiQyxSEgntpxm?usp=drive_link,3,3
McLean,County,McLean,Ameren,https://npr.brightspotcdn.com/70/34/9229f7094ccd808bfbdcb393c7ea/strategic-land-use-map-final-draft-june-23-2025.pdf,None,https://www.mcleancountyil.gov/DocumentCenter/View/17759/Zoning-Map-Countywide-3_13_2035,Yes,"ASD McLean IL Solar VI, LLC (2019)",Approved,2019,N/A,Agriculture,4 MW,N/A ,N/A ,02-09-400-002,"https://drive.google.com/file/d/138DeM5Cbl54Qek5yUBWNWoNVppbluatR/view?usp=drive_link
https://drive.google.com/file/d/1hSRnSv4sdd3aadTQht59e6mzwS_KCVth/view?usp=drive_link",https://drive.google.com/drive/folders/1KWXOvwiAWLLgSBBjDeigiQyxSEgntpxm?usp=drive_link,3,3
McLean,County,McLean,Ameren,https://npr.brightspotcdn.com/70/34/9229f7094ccd808bfbdcb393c7ea/strategic-land-use-map-final-draft-june-23-2025.pdf,None,https://www.mcleancountyil.gov/DocumentCenter/View/17759/Zoning-Map-Countywide-3_13_2036,Yes,"Moraine Solar, LLC (by Cypress Creek Renewables) (2019)",Approved,2019,16-2,Agriculture,N/A ,N/A ,N/A ,29-10-200-005,"https://drive.google.com/file/d/1YbiMaaiupW8hV1YnPzpTz2FHaKjzyvsA/view?usp=drive_link
https://drive.google.com/file/d/1--xkFga3Dbr7Uv4KpEqKWlHxHbJ6Jku_/view?usp=drive_link
https://drive.google.com/file/d/1kytJBWIv-JSNGl8MGOKLQT2To4VtGP3d/view?usp=drive_link",https://drive.google.com/drive/folders/1KWXOvwiAWLLgSBBjDeigiQyxSEgntpxm?usp=drive_link,3,3
McLean,County,McLean,Ameren,https://npr.brightspotcdn.com/70/34/9229f7094ccd808bfbdcb393c7ea/strategic-land-use-map-final-draft-june-23-2025.pdf,None,https://www.mcleancountyil.gov/DocumentCenter/View/17759/Zoning-Map-Countywide-3_13_2037,Yes,Hudson Twp III Solar LLC (2025),Approved,2025,N/A,Agriculture,5 MW,N/A ,N/A ,07-11-200-004,https://drive.google.com/file/d/1OtNpz3vKasu8KwqbrKjsK8JWzuJYC2so/view?usp=drive_link,https://drive.google.com/drive/folders/1KWXOvwiAWLLgSBBjDeigiQyxSEgntpxm?usp=drive_link,3,3
McLean,County,McLean,Ameren,https://npr.brightspotcdn.com/70/34/9229f7094ccd808bfbdcb393c7ea/strategic-land-use-map-final-draft-june-23-2025.pdf,None,https://www.mcleancountyil.gov/DocumentCenter/View/17759/Zoning-Map-Countywide-3_13_2038,Yes,"Suter Solar, LLC (2025)",Approved,2025,N/A ,Agriculture,5 MW,N/A ,N/A ,29-13-400-003 and 30-18-300-009,https://drive.google.com/file/d/1OtNpz3vKasu8KwqbrKjsK8JWzuJYC2so/view?usp=drive_link,https://drive.google.com/drive/folders/1KWXOvwiAWLLgSBBjDeigiQyxSEgntpxm?usp=drive_link,3,3
McLean,County,McLean,Ameren,https://npr.brightspotcdn.com/70/34/9229f7094ccd808bfbdcb393c7ea/strategic-land-use-map-final-draft-june-23-2025.pdf,None,https://www.mcleancountyil.gov/DocumentCenter/View/17759/Zoning-Map-Countywide-3_13_2039,Yes,"Archtop Solar, LLC for Earthrise Energy (2024)",Approved,2024,"ZBA Recommendation: 7-0
City Council vote: N/A",N/A ,"Not specified, but covers 1,365 acres",N/A ,N/A ,"Multiple parcels listed: 25-25-100-001, 25-24-300-003, 25-24-300-004, 25-25-100-002, 25-24-400-006, 25-24-300-005, 25-24-100-001, 25-24-100-002, 25-23-200-001, 25-13-100-002, 25-13-200-001, 25-12-400-002, 25-13-100-004, 25-14-200-004, & 25-15-200-001",https://drive.google.com/file/d/1RltiODDjN68kuoBqvM9UfpjxMhoWHx4Q/view?usp=drive_link,https://drive.google.com/drive/folders/1KWXOvwiAWLLgSBBjDeigiQyxSEgntpxm?usp=drive_link,3,3
McLean,County,McLean,Ameren,https://npr.brightspotcdn.com/70/34/9229f7094ccd808bfbdcb393c7ea/strategic-land-use-map-final-draft-june-23-2025.pdf,None,https://www.mcleancountyil.gov/DocumentCenter/View/17759/Zoning-Map-Countywide-3_13_2040,Yes,"PSE McLean IL Solar VII, LLC (2022)",Approved,2022,All ayes (unanimous),Agriculture,4 MW,N/A ,N/A ,22-31-100-003 & 22-30-300-002,"https://drive.google.com/file/d/1YMIRr4yMKB7QihdGq5gJ-ro8wBVn27BV/view?usp=drive_link
https://drive.google.com/file/d/12qEgcYkgfatqiLBaEibjp2Qp7cu2vW36/view?usp=drive_link",https://drive.google.com/drive/folders/1KWXOvwiAWLLgSBBjDeigiQyxSEgntpxm?usp=drive_link,3,3
McLean,County,McLean,Ameren,https://npr.brightspotcdn.com/70/34/9229f7094ccd808bfbdcb393c7ea/strategic-land-use-map-final-draft-june-23-2025.pdf,None,https://www.mcleancountyil.gov/DocumentCenter/View/17759/Zoning-Map-Countywide-3_13_2041,Yes,"Old Colonial IL Solar, LLC (later PureSky Energy) (2024)",Approved,2024,"ZBA Recommendation: 7-0
City Council vote: N/A",Agriculture,5 MW,N/A ,N/A ,"21-22-400-019, 21-22-400-021 & 21-23-351-003","https://drive.google.com/file/d/1YM8_9XKhQUVSn3o28Hi55rujGbE4U1tc/view?usp=drive_link
https://drive.google.com/file/d/1iAIwhVdP5Wn6yBcXOOnXRfzreCLwhaQd/view?usp=drive_link
https://drive.google.com/file/d/1darKbO1ErMRqSVtDnHY-y0-ZV0Xa_yLG/view?usp=drive_link
https://drive.google.com/file/d/1-ZsmxL8W6VC61g0MkUZTT7ygu7345POm/view?usp=drive_link
https://drive.google.com/file/d/1darKbO1ErMRqSVtDnHY-y0-ZV0Xa_yLG/view?usp=sharing",https://drive.google.com/drive/folders/1KWXOvwiAWLLgSBBjDeigiQyxSEgntpxm?usp=drive_link,3,3
McLean,County,McLean,Ameren,https://npr.brightspotcdn.com/70/34/9229f7094ccd808bfbdcb393c7ea/strategic-land-use-map-final-draft-june-23-2025.pdf,None,https://www.mcleancountyil.gov/DocumentCenter/View/17759/Zoning-Map-Countywide-3_13_2042,Yes,"TerraNavigator, LLC (2018)",Approved,2018,NA-2,Agriculture,2 MW,N/A ,N/A ,"21-07-100-017, 21-07-300-016, & 20-12-400-011","https://drive.google.com/file/d/16_qQy1ut8flkxOu3TiMjcDfLbNUwDdAk/view?usp=drive_link
https://drive.google.com/file/d/1mYba9qzcbXivTFd0whyV4mbH1CRcpDyf/view?usp=drive_link",https://drive.google.com/drive/folders/1KWXOvwiAWLLgSBBjDeigiQyxSEgntpxm?usp=drive_link,3,3
McLean,County,McLean,Ameren,https://npr.brightspotcdn.com/70/34/9229f7094ccd808bfbdcb393c7ea/strategic-land-use-map-final-draft-june-23-2025.pdf,None,https://www.mcleancountyil.gov/DocumentCenter/View/17759/Zoning-Map-Countywide-3_13_2043,Yes,Hudson Twp Solar LLC by 6GM LLC (2024),Approved,2024,"ZBA Recommendation: 7-0-1
City Council vote: N/A",Agriculture,10 MW,N/A ,N/A ,07-10-200-005,"https://drive.google.com/file/d/1kupy4r7dKm_P2cyNGsU5w8zoi94nTtQP/view?usp=drive_link
https://drive.google.com/file/d/1TxvJwDQzniOYfYsgqfrZ0k7dHqcVBP8e/view?usp=drive_link",https://drive.google.com/drive/folders/1KWXOvwiAWLLgSBBjDeigiQyxSEgntpxm?usp=drive_link,3,3
McLean,County,McLean,Ameren,https://npr.brightspotcdn.com/70/34/9229f7094ccd808bfbdcb393c7ea/strategic-land-use-map-final-draft-june-23-2025.pdf,None,https://www.mcleancountyil.gov/DocumentCenter/View/17759/Zoning-Map-Countywide-3_13_2044,Yes,Bellflower Twp Solar LLC by 6GM LLC (2024),"Approved (amend and renew special use SU-22-10, which refers to the same parcel IDs as ASD McLean IL Solar I, LLC)",2024,"ZBA Recommendation: 7-0-1
City Council vote: N/A",Agriculture,5 MW,N/A ,N/A ,39-09-100-003,"https://drive.google.com/file/d/1kupy4r7dKm_P2cyNGsU5w8zoi94nTtQP/view?usp=drive_link
https://drive.google.com/file/d/1TxvJwDQzniOYfYsgqfrZ0k7dHqcVBP8e/view?usp=sharing",https://drive.google.com/drive/folders/1KWXOvwiAWLLgSBBjDeigiQyxSEgntpxm?usp=drive_link,3,3
Plano,City,Kendall,ComEd,https://www.planocompplan.org/150/Land-Use-Community-Design,None,https://www.cityofplanoil.com/DocumentCenter/View/123/2015-Address-and-Zoning-Map-PDF?bidId=,No,,,,,,,,,,,https://drive.google.com/drive/folders/1gSDksgnRk4XmaTI0UOze1uDgSuYWPR9H?usp=drive_link,,
Timberlane,Village,Boone,ComEd,N/A,None,https://www.villageoftimberlane.org/PDFFiles/Ordinances/O11-321-01_Replacement_zoning_map_in_color.pdf,Yes,Proposed Solar Farm (by Cypress Creek Renewables) (2018),Denied        ,2018,All ayes (unanimous),Agriculture,A 40-acre solar farm,"- would make Newbury Place less attractive and reduce tax revenues and home values. 
- Glare and electromagnetic field noise affecting Newbury Place lots. 
- Belief of 10-40% decrease in property valuation due to high power closeness to residential lots","- Industrial use adjacent to residential violates comp‑plan
-  Need for additional setbacks (≥ 250 ft) & visual buffers
- Require presentations/photos to address concerns ","Adjacent to Timberlane border, adjacent to Newbury Place phase 3, within 1.5 miles of Newbury Village",https://drive.google.com/file/d/13dZZ4yEZe0qYj2ZpKm3-5SQL2K1Lnu-H/view?usp=drive_link,https://drive.google.com/drive/folders/1nR9NMMMVtGHT2hBF3k7N8ic3-L3zavgn?usp=drive_link,1,2
Timberlane,Village,Boone,ComEd,N/A,None,https://www.villageoftimberlane.org/PDFFiles/Ordinances/O11-321-01_Replacement_zoning_map_in_color.pdf,Yes,Prairie Central Solar (by Trajectory Energy Partners) (2024),Denied        ,2024,Steve Rapp (Village President) declined the solar farm proposal for pre-annexation to Timberlane Village,N/A,5 MW,"- Concerns about location on prime farmland, being 900 feet from residential property. 
- Perceived lack of planning, electric grids not set up for new solar farms.
- involvement of out-of-state solar companies",-  the parcel falls within Timberlane’s 1.5‑mile pre‑annexation boundary,Schumacher property (IL‑76 & Caledonia Road)   ,"https://drive.google.com/file/d/1ostF46M9AUwIKuYX4H3J-35XWIL8MNa1/view?usp=sharing
https://drive.google.com/file/d/1Gxz0yIJFr594rLS8uafIrIkUwnMavZ6u/view?usp=drive_link",https://drive.google.com/drive/folders/16C4e1tHaX1TyeY9lQDXxNDDg8IhXb5E_?usp=drive_link,1,2
Timberlane,Village,Boone,ComEd,N/A,None,https://www.villageoftimberlane.org/PDFFiles/Ordinances/O11-321-01_Replacement_zoning_map_in_color.pdf,Yes,Proposed solar farm near Argyle and Beloit roads (2025),Undetermined: Review scheduled 1/15/2025; no action taken,2025,N/A,N/A,N/A,N/A,N/A,1.8 miles from Timberlane Village,https://drive.google.com/file/d/1q0ggbAamsvgaLkn7V5l7XfJcnwaM0YsS/view?usp=sharing,https://drive.google.com/drive/folders/1PvoE_2Dl8o01kDFpzRC09Gg77C7CSU4m?usp=sharing,2,2
Timberlane,Village,Boone,ComEd,N/A,None,https://www.villageoftimberlane.org/PDFFiles/Ordinances/O11-321-01_Replacement_zoning_map_in_color.pdf,Yes,Poplar Grove Solar farm (by Trajectory Energy Partners) (2023),Approved,2023,N/A,N/A,N/A,N/A,N/A,IL-76 and Route 173,https://drive.google.com/file/d/1Gxz0yIJFr594rLS8uafIrIkUwnMavZ6u/view?usp=drive_link,https://drive.google.com/drive/folders/16C4e1tHaX1TyeY9lQDXxNDDg8IhXb5E_?usp=drive_link,3,2
Carbondale,City,Jackson,Ameren,https://www.explorecarbondale.com/DocumentCenter/View/1254/Carbondale-Comprehensive-Plan-PDF,None,https://www.explorecarbondale.com/804/Carbondale-City-Zoning-Map,Yes,"Brightfields Development, LLC ",Denied        ,2018,"0-7 (Nay: Carolin Harvey, Navreet Kang, Adam Loos, Jessica Bradshaw, Jeff Doherty, Tom Grant,
John M Henry)",AG (General Agriculture) and GI (General Industrial) zoning districts,N/A,"- Health risks and contamination from former Koppers site. 
- Water runoff and soil disruption by heavy machinery. 
- Environmental racism concerns, targeting African American community. 
- Desire for more soil testing and cleanup. 
- Doubts about solar energy's overall environmental benefit. 
- Questions about tax revenue and community restitution. 
- Concerns about non-local workers.","- Need for more solid financial benefit figures (reason for initial postponement)
- Council members shared personal viewpoints
- City Attorney clarified that decisions must legally focus on land use, not social injustices",1555 North Marion Street,"https://drive.google.com/file/d/1f5Z37s4qeqYcdtbEx0e-VYCkUWyPHswM/view?usp=drive_link
https://drive.google.com/file/d/1832C5mI8UrcB32NZoS56tMiPsuZjmw3Z/view?usp=drive_link
https://drive.google.com/file/d/1C2UcIYp9BvQct0EwL6EkpMSwIqJ633rO/view?usp=drive_link
https://drive.google.com/file/d/1X4wtdbCUk0LaRWiNI-qVLYxeSG_3TVPC/view?usp=drive_link",https://drive.google.com/drive/folders/1WwyAxLy8me4ZP-dmEFQcb2UimYhf6gAm?usp=drive_link,1,3
Carbondale,City,Jackson,Ameren,https://www.explorecarbondale.com/DocumentCenter/View/1254/Carbondale-Comprehensive-Plan-PDF,None,https://www.explorecarbondale.com/804/Carbondale-City-Zoning-Map,Yes,GRNE Solar Array (2019),Approved,2019,"7-0 (Yea: Carolin Harvey, Navreet Kang, Adam Loos, Jessica Bradshaw, Jeff Doherty, Tom Grant,
John M Henry)",Agriculture,4000 solar panel project,"- Water runoff
- need for detention basin, erosion
- hazardous material inside panels
",N/A,Intersection of North New Era Road and Airport Road,"https://drive.google.com/file/d/1ZiV1UMpH41oQKywW3rdrtBbr3XLnqHPc/view?usp=drive_link
https://drive.google.com/file/d/10YBuLiipy3Ky9IHaDR5ZpTDGh2ttCaz3/view?usp=drive_link
https://drive.google.com/file/d/1n8qNTH2jKtbgkNuu0Qcau6pdeleQb3V2/view?usp=drive_link",https://drive.google.com/drive/folders/1WwyAxLy8me4ZP-dmEFQcb2UimYhf6gAm?usp=drive_link,3,3
Carbondale,City,Jackson,Ameren,https://www.explorecarbondale.com/DocumentCenter/View/1254/Carbondale-Comprehensive-Plan-PDF,None,https://www.explorecarbondale.com/804/Carbondale-City-Zoning-Map,Yes,East Walnut Street Community Energy Initiative LLC (2025),Approved,2025,"4-3 (Yea: Clare Killman, Adam Loos, Ginger Rye Sanders, LaCaje Hil; Nay: Nancy Maxwell, Jeff Doherty, Carolin Harvey)",LI - Light Industrial Zoning District,3.6 MW,"- Donald Monty asked the applicant to respond to questions regarding the feasibility of the project, particularly if it depended on federal tax credits or other financing.
- A drainage concern raised by the property owner adjacent to the property",- Use inconsistent with “light industrial” intent,15-13-300-026,"https://drive.google.com/file/d/1uQbcoptHFPEv5C-7BFTRQmtKCLPqp7Up/view?usp=drive_link
https://drive.google.com/file/d/1HLluyFCWwOnoeEHXs9juclgoZUR8SoFi/view?usp=drive_link
https://drive.google.com/file/d/1FAv-iuP1OdHw_eCbIyf17F7NvWOf9YJS/view?usp=drive_link",https://drive.google.com/drive/folders/1WwyAxLy8me4ZP-dmEFQcb2UimYhf6gAm?usp=drive_link,2,3
Carbondale,City,Jackson,Ameren,https://www.explorecarbondale.com/DocumentCenter/View/1254/Carbondale-Comprehensive-Plan-PDF,None,https://www.explorecarbondale.com/804/Carbondale-City-Zoning-Map,Yes,ECA Solar (South of Arnold Lane) (2024),Approved,2024,"7-0 (Yea: Nancy Maxwell, Ginger Rye Sanders, Jeff Doherty, LaCaje Hill, Clare Killman, Adam Loos, Carolin Harvey)",Agriculture,5 MW,"- Health effects from ionizing electromagnetic frequencies/radiation
- Initial opposition from some attendees (two later submitted letters of support)
- Delivery issues with notices mailed to residents",N/A,15-33-251-030 & 15-33-251-031,"https://drive.google.com/file/d/1b5jIuHa6KaDmxk9MDznQpv-4G7m23jxY/view?usp=drive_link
https://drive.google.com/file/d/10QnbLBwsjO_B2KJWTeSlLN8Q3qH35R0Q/view?usp=drive_link",https://drive.google.com/drive/folders/1WwyAxLy8me4ZP-dmEFQcb2UimYhf6gAm?usp=drive_link,3,3
Carbondale,City,Jackson,Ameren,https://www.explorecarbondale.com/DocumentCenter/View/1254/Carbondale-Comprehensive-Plan-PDF,None,https://www.explorecarbondale.com/804/Carbondale-City-Zoning-Map,Yes,Wildcat Solar 9 LLC (2024),Approved,2024,"7-0 (Yea: Ginger Rye Sanders, Jeff Doherty, LaCaje Hill, Clare Killman, Adam Loos, Nancy Maxwell, Carolin Harvey)",Agriculture,1 MW,N/A,N/A,800 Charles Road,"https://drive.google.com/file/d/1GSzSYsg_gSd351NYNVJzgb2BOmR87ZSb/view?usp=drive_link
https://drive.google.com/file/d/1yzyh52x15G7smlLLsTx28w7-qWOW0Wif/view?usp=drive_link
https://drive.google.com/file/d/1zyGyvhSK4bGeyyrom12hvjjE2H9OdAIX/view?usp=drive_link",https://drive.google.com/drive/folders/1WwyAxLy8me4ZP-dmEFQcb2UimYhf6gAm?usp=drive_link,3,3
Carbondale,City,Jackson,Ameren,https://www.explorecarbondale.com/DocumentCenter/View/1254/Carbondale-Comprehensive-Plan-PDF,None,https://www.explorecarbondale.com/804/Carbondale-City-Zoning-Map,Yes,"Arena Knight 2 Solar, LLC (2025)",Undetermined: Planning Commission recommended approval. Final City Council vote not stated.,2025,"Planning Commission: 6-0
City Council vote: N/A","PUD, Planned Unit Development (contingent on rezoning to AG, General Agriculture)",3 MW,N/A,"Required rezoning from PUD to AG; conditions from Planning Commission: adherence to application package, successful rezoning, parcel combination/lot line adjustment, signed fill permit for wetlands. ",15-17-327-023 ,"https://drive.google.com/file/d/1lDN2nnOtS1BUz7HJVsHb--WsE5KK2cza/view?usp=drive_link
https://drive.google.com/file/d/1FbBdkdohK3jxnuMlLV2G_PacLD-UjE2Z/view?usp=drive_link",https://drive.google.com/drive/folders/1WwyAxLy8me4ZP-dmEFQcb2UimYhf6gAm?usp=drive_link,3,3
Carbondale,City,Jackson,Ameren,https://www.explorecarbondale.com/DocumentCenter/View/1254/Carbondale-Comprehensive-Plan-PDF,None,https://www.explorecarbondale.com/804/Carbondale-City-Zoning-Map,Yes,"Arena Knight 1 Solar, LLC (2025)",Undetermined: Planning Commission recommended approval. Final City Council vote not stated. ,2025,"Planning Commission: 6-0
City Council vote: N/A",Agriculture,3.8 MW,N/A,"Conditions from Planning Commission: adherence to application package, annexation of parcel 15-17-376-013, signed Army Corps of Engineers letter regarding wetlands. ",15-17-376-013,"https://drive.google.com/file/d/1lDN2nnOtS1BUz7HJVsHb--WsE5KK2cza/view?usp=drive_link
https://drive.google.com/file/d/1FbBdkdohK3jxnuMlLV2G_PacLD-UjE2Z/view?usp=drive_link
https://drive.google.com/file/d/1pV8iUzCelf7wU3kjk6lyfXQMlwKOiF56/view?usp=drive_link",https://drive.google.com/drive/folders/1WwyAxLy8me4ZP-dmEFQcb2UimYhf6gAm?usp=drive_link,3,3
Jacksonville,City,Morgan,Ameren,https://cms6.revize.com/revize/jacksonville/Departments/Community%20Development/COMPREHENSIVE%20PLAN.PDF,None,https://morganmaps.maps.arcgis.com/apps/webappviewer/index.html?id=543006e6c66b40f5bcae77daf4ac00c2,Yes,Community Solar Project (by New Carbon Energy) (2025),"Undetermined: Presented for discussion at May 27, 2025 City Council workshop; no action or vote scheduled yet.        ",2025,N/A,N/A,N/A,N/A,N/A,N/A,"https://drive.google.com/file/d/1LpofF7rm9MhiKe7XnHq6DIMdlDKchJrx/view?usp=drive_link
https://drive.google.com/file/d/1lL9rMA7_pR675eo_vN1xcJUVCOwhgvMo/view?usp=sharing",https://drive.google.com/drive/folders/1cqcdEqb3tUI4-vVuocp2VvVKbRffayUf?usp=drive_link,3,3
South Jacksonville,"   
 	
Village",Morgan,Ameren,Village of South Jacksonville 2020 Comprehensive Plan,None,https://ago-item-storage.s3.amazonaws.com/14d6088965784431b101ec1e42bd9776/SouthJacksonvilleZoning.pdf?X-Amz-Security-Token=IQoJb3JpZ2luX2VjEO3%2F%2F%2F%2F%2F%2F%2F%2F%2F%2FwEaCXVzLWVhc3QtMSJHMEUCIFmUvjwD2leMQxASMxN%2B3Z%2BezkRPs8gIZDm5WeZx19KWAiEA%2FBB8ar9jmjB0eETmVtxQJyag3ujzqEQ2FK5HVA8MIR4qswUINRAAGgw2MDQ3NTgxMDI2NjUiDF11%2ByZGzl2401qRyCqQBcu7tD8VHvB7MwlwAhp00u0tIW6BqKZuoWuC58TIJdfcc4o795SwdrosPURNDJ2EmkFJLgBNrtvFgZDs9FZ3VveIg%2F33cGu6F2wpCergv%2BYPrjcatDE%2BI29qRkr71rCfx2VnX%2FMFyJ%2FvlyXluXY5mlfWnAgjRdws5viR3TwcWRIpgSu6bj7EVJHSaakftC9gLYaIfL%2BRTgF3hREBXg1xi6z76cS6BcFVBwmnRac8WbyP3rPwc%2F09Xdx7N1ZsowJ%2BC5yxQQBrDmnSlPr6gOE6v79txf63wOOnuXmSC7oXquYT37w%2BH%2FkpAMfrYOU58qDxD6%2Bpu3QV%2B9JtQu6IDtTuoazG9cT%2F8cmumcCesWBmOEzXAmpwfax44ac5oz8NCfj1UWhJxtHJwOw7N7h4uXdAkGFo0m8WX3JkXZ%2BRG6HZp5fa2ylf9Omg8VLAV1cpatpjB%2BZqmkcSU9Q6asiQJ97zQef95mGwNCFqOcHTfSt3JhV3I%2BJV1aw8Ukt6EcLMXpYUtfuMS35V8EdrEm51WxOgaYt%2BYkhoi7fhXsI93UVGmfqSOb2ZQYhE9Ac47bmvmOKmvIYW9hcnK%2BfwKeMGvXeSiH%2FR19kU9IEC%2FhKAx3U6geh1%2FU%2FKverJCg6uDipFsj%2BFsJp0%2BJJG3EXIJrHPWkdxtql4bBB%2BsBpSi1MqgL47i1OB0FqTWxOkHHnTFCLEViKC6BYw%2BuAfuIKYGkwd%2FBlgLLnc3BBJYzWEuze8T1XJbZ7saA87cHXDWtMP%2Bknq7gQUNs7zU6kOjryvWVhzhneYA7UuxOO6J0nqgSF6Afq4U2jxi4086uBU0TjWT5EwuaJZ%2BcmuBVFmsBuKBKT%2BXy%2FXYAB%2FAGQC2%2F%2Fx3kOv7deZgirSMODg88QGOrEB7SA0kySvpTg%2Fct7X9tK3zOJvSQwjRSUkeouIXhx%2FlkdTCX61ntrCL6SJBl%2B9Z4rabbcHTjhmLVsKko900YlwOkMk3TVKJMoJLQJfuGqnwMcTRZBEMheR2M2QRduxEZjIDKYe5xmY16Ata7MqkxUtJzNmPLZ%2FjfhYrTIGrL0l397hJ4aS6gemi8sxSCFC8Ewp68IAxOSKrpY97sESc9xeoE9VQcy5YJlDouBqfcORhIDX&X-Amz-Algorithm=AWS4-HMAC-SHA256&X-Amz-Date=20250813T205435Z&X-Amz-SignedHeaders=host&X-Amz-Expires=300&X-Amz-Credential=ASIAYZTTEKKE6J4IFYWX%2F20250813%2Fus-east-1%2Fs3%2Faws4_request&X-Amz-Signature=e1014681af6c2fbdd919cc9ae42f6f7f67cff638af02e5d909be3dfb533921b3,Yes,Gordon White Solar Farm (by Cultivate Power) (2024),Approved,2024,N/A,Tizone,40 acres,N/A,"- Power Grid Compatibility: the power grid on that side of South Main Street is controlled by Prairie Power, and any power produced by the solar farm would need to be used or approved by Prairie Power, as the purchaser of the power was Ameren.  
- Site Security: Chief Hansell inquired about overall site security due to the location being close to railroad tracks. 
- Further Research: President Samples indicated the need for a little more research on the part of the Village. 
- Ordinance Concerns: Trustee Coleman expressed that he did not like some items in the proposed solar ordinance.",N/A,https://drive.google.com/file/d/12f_HT8FFx5IgV7UtrYdeMMZZFMpY4ARC/view?usp=drive_link,https://drive.google.com/drive/folders/1UiwHwgf1R19PYiCvlA3xMKNSq_532OMP?usp=drive_link,3,3
Lewistown,Village,Fulton,Ameren,N/A,None,https://lewistownillinois.org/wp-content/uploads/2025/02/Lewistown-Zoning-Maps.pdf,Yes,Buckhart Solar project (2023),Approved,2023,N/A,N/A,N/A,N/A,N/A,N/A,https://drive.google.com/file/d/1GQL4vsoXrJSr9YOj9F6duuqNuVo-uSUh/view?usp=drive_link,https://drive.google.com/drive/folders/1awfZrgdFCtQHLKWqFDlhy9diOZxlyGNr?usp=drive_link,3,3
Canton,City,Fulton,Ameren,N/A,None,https://www.cantonillinois.org/wp-content/uploads/City-of-Canton-Zoning-Map-updated-02-28-2022.pdf,Yes,"Canton Banner Solar 1, LLC License Agreement",Approved,2025,"7-0-1 (Yea: Gossett, Lingenfelter, Hale, Grimm, Lovell, Nelson, Chamberlin) ",N/A,N/A,N/A,N/A,N/A,https://drive.google.com/file/d/12bGHm12ny847Pgo9meBh9DyI5FbYcu8n/view?usp=drive_link,https://drive.google.com/drive/folders/1WEAMr564YIHwyl8PQoW4SjzKQ0qggmNr?usp=drive_link,3,3
Alton,City,Madison,Ameren,https://cityofaltonil.gov/wp-content/uploads/2021/10/Alton-Comprehensive-Plan-2003.pdf,None,https://cityofaltonil.gov/wp-content/uploads/2021/01/ZONING_MAP.pdf,Yes,utility‑scale solar (array) energy system (by Alton Landfill Solar LLC) (2022),Approved,2022,"7-0 (Yea: Allen, MacAfee, Strebel, Brown, Brake, Elliott, Keener)",Conservation Recreation (CR),Greater than 2 MW,N/A,N/A,"23-1-01-35-11-201-002, 23-1-01-35-12-201-010, 23-1-01-35-15-401-019, 23-1-01-35-16-401-001, 23-1-01-35-19-401-030, 23-1-01-35-20-401-001","https://drive.google.com/file/d/1C87n01ljx34yHfEZVFJNmwlX1r-lMg3F/view?usp=drive_link
https://drive.google.com/file/d/1PDFVLRE2Qbz0l-_pLwKebIIZVzsDybCI/view?usp=drive_link
https://drive.google.com/file/d/1fwh27BbID2rdp2Ppm9CC_GnWct3ymnbP/view?usp=drive_link
https://drive.google.com/file/d/1-RIwls_f1dzUCJuXbC-ML5h-m1aC64O6/view?usp=drive_link
https://drive.google.com/file/d/1wu96_wgkRcTZOOoaNLvHOHG6suPBBgAd/view?usp=drive_link
https://drive.google.com/file/d/1b8-ZG_KdUBr1vn2quS99QwulS7RrXXM5/view?usp=drive_link
https://drive.google.com/file/d/1p-EnpVO5C2FO37QPerpcQL23_WsxOkMF/view?usp=drive_link",https://drive.google.com/drive/folders/1vPTTAAvE2YhY4CD_7P2P6VyxgFuDeCnN?usp=drive_link,3,3
Alton,City,Madison,Ameren,https://cityofaltonil.gov/wp-content/uploads/2021/10/Alton-Comprehensive-Plan-2003.pdf,None,https://cityofaltonil.gov/wp-content/uploads/2021/01/ZONING_MAP.pdf,Yes,"utility-scale community solar array (EnPower Solutions, 10 Cut St) (2022)",Approved,2022,N/A,N/A,N/A,N/A,,23-1-08-18-00-000-019,"https://drive.google.com/file/d/1VLqfZKZHciN5e71AjEoR_4XZxhVGw4Po/view?usp=drive_link
https://drive.google.com/file/d/1UqumqCWIu22ssrDo7DW6CShLivoe_t9Y/view?usp=drive_link",https://drive.google.com/drive/folders/1vPTTAAvE2YhY4CD_7P2P6VyxgFuDeCnN?usp=drive_link,3,3
Belleville,City,St. Clair,Ameren,https://belleville.net/327/Comprehensive-Plan,None,https://www.belleville.net/DocumentCenter/View/5006/City-of-Belleville-Zoning-Map---Published-March-2022?bidId=,Yes,Innovative Power Systems (2018),Approved,2018,"16-0 (Yea: Tyler, Anthony, Ovian, Schaefer, Dintelman, Gaa, Stiehl, Weygandt, Elmore, Wigginton, Barfield, Hazel, Kinsella, Pusa, Buettner, and Randle)",D-1 - Light Industrial District,40.4 acres,N/A,N/A,08-35.0-400-011,"https://drive.google.com/file/d/1fS2SyMssRceL6iWUBkMJBJe2JG133q58/view?usp=drive_link
https://drive.google.com/file/d/1i3odXvw8EUSZsVbmHld_IOFY6-0obJrF/view?usp=drive_link
https://drive.google.com/file/d/1eD7oFlO9xiEu2bWyFrzOBhCI9OBbO6d7/view?usp=drive_link
https://drive.google.com/file/d/1de0Qylk3qzFqSuZ5M3oeptxH430RJo3D/view?usp=drive_link",https://drive.google.com/drive/folders/1WZ_J1KPEzYl9tKHKP_oWMyeXqWUdSGgm?usp=drive_link,3,
Belleville,City,St. Clair,Ameren,https://belleville.net/327/Comprehensive-Plan,None,https://www.belleville.net/DocumentCenter/View/5006/City-of-Belleville-Zoning-Map---Published-March-2022?bidId=,Yes,"Sun Vest Solar, Inc. (2020)",Approved,2020,"16-0 (Yea: Ferguson, Anthony, Ovian, Dintelman, Schaefer, Stiehl, Rothweiler, Elmore, Weygandt, Wigginton, Barfield, Kinsella, Hazel, Duco, Pusa, Randle)",D-1 - Light Industrial District,40.25 acres,N/A,N/A,08-35.0-400-011,"https://drive.google.com/file/d/1XPhWigZzmgFrH2JZEEs9pa5wECs3_0Pf/view?usp=drive_link
https://drive.google.com/file/d/1lf4sGNfIrnft0CnrN4BNY2IL1yzZ5Ut4/view?usp=drive_link",https://drive.google.com/drive/folders/1WZ_J1KPEzYl9tKHKP_oWMyeXqWUdSGgm?usp=drive_link,3,
Belleville,City,St. Clair,Ameren,https://belleville.net/327/Comprehensive-Plan,None,https://www.belleville.net/DocumentCenter/View/5006/City-of-Belleville-Zoning-Map---Published-March-2022?bidId=,Yes,Belle Valley School District Solar Farm (2020),Approved,2020,"16-0 (Yea: Puss, Randle, Ferguson, Anthony, Ovian, Dintelman, Schaefer, Stiehl, Rothweiler, Elmore, Weygandt, Wigginton, Barfield, Kinsella, Hazel, Duco)",Agriculture,7 acres,N/A,N/A,08-36.0-100-019,"https://drive.google.com/file/d/1PIUdoOejJmofLb6lSEkjYK5TFyzVtKwc/view?usp=drive_link
https://drive.google.com/file/d/1O9raAeQyv6fI9XboYDagKgxN_KTpq8qa/view?usp=drive_link
https://drive.google.com/file/d/1lf4sGNfIrnft0CnrN4BNY2IL1yzZ5Ut4/view?usp=drive_link",https://drive.google.com/drive/folders/1WZ_J1KPEzYl9tKHKP_oWMyeXqWUdSGgm?usp=drive_link,3,
Belleville,City,St. Clair,Ameren,https://belleville.net/327/Comprehensive-Plan,None,https://www.belleville.net/DocumentCenter/View/5006/City-of-Belleville-Zoning-Map---Published-March-2022?bidId=,Yes,CITY OF BELLEVILLE (Mount Hope Cemetery Solar Farm) (2024),Approved,2024,"14-0 (Yea: Dintelman, Schaefer, Stiehl, Rothweiler, Elmore, Weygandt, Sullivan, Osthoff, Whitaker, Duco, Randle, Ferguson, Anthony, Ovian; Nay: Schneider)","""A-2"" Two-Family District",25 acres,"- Opposition due to destruction of wildlife habitat and trees, concerns about topography (steep ravines, thick woods, natural creek)
- The effectiveness of the aesthetic buffer (""laughable"")
- Potential health exposure from power lines near a school.","-  Alderperson Ovian expressed concern about family buried there and the potential interference from construction material and solar panel transport. 
- Director Cross emphasized that the City of Belleville's taxpayers would not pay for the construction of the solar panels as the project was contingent on obtaining a grant.",02-36.0-302-016,,,,
Caseyville,Village,St. Clair,,N/A,None,https://caseyville.org/wp-content/uploads/2019/02/ZoningMap_001.pdf,"building,rooftop",,,,,,,,,,,,,
Dupo,Village,St. Clair,Ameren,N/A,None,https://www.villageofdupo.org/zoning-map/,Yes,Water and Sewer Plant Solar Energy Project,Approved,2021,"6-0 (November 15, 2021)",N/A,N/A,N/A,-County property ownership issues were holding up the solar project.,"06-20.0-200-003 (195 Coulter Road)
06-20.0-200-009 (Old Plank Road)","https://drive.google.com/file/d/1ToJiAPiMbgVu1fInbR4xeLz7AbyoCV4c/view?usp=drive_link
https://drive.google.com/file/d/14Q0w-uf2BCmjMdtQ7J7ThI-O5t8recOV/view?usp=drive_link
https://drive.google.com/file/d/1-0i57W8D6E7_VVgi1dUzVU3_TVETLjiO/view?usp=drive_link
https://drive.google.com/file/d/1xT_vSJVR_c8_QnwQSinXbbu6KgN0oooq/view?usp=drive_link
https://drive.google.com/file/d/1gT7CyxHo_3AtP2ZxBX5jEr_OblI_eXzf/view?usp=drive_link",https://drive.google.com/drive/folders/1cppMlnfOYYpyFYH2mz5wKBhJXJEgeucN?usp=drive_link,3,3
East St Louis,City,St. Clair,Ameren,N/A,None,https://www.cesl.us/DocumentCenter/View/1044/City-of-East-St-Louis-Parcel-Based-Zoning-Map-2022,Yes,East St. Louis Solar Energy Center I&II(Utility-Scale),Undetermined: Presented as an ordinance,N/A,N/A,N/A,N/A,N/A,N/A,N/A,"https://drive.google.com/file/d/1EvWUe-ZT-ScTGs9uNxl6nGqEhs55ZGkU/view?usp=drive_link 
https://drive.google.com/file/d/1SPj-gBMOPdC7rq1JpzOjv_CGUjw6QFs_/view?usp=drive_link
https://drive.google.com/file/d/1UrrepkHx7ikRHpAdlKNa02wFyZBUQQWJ/view?usp=drive_link",https://drive.google.com/drive/folders/1uJjk7ht9-nlULka09f5ftdAbgfR0CdV-?usp=drive_link,,
Fairmont City,Village,St. Clair,,N/A,None,https://library.municode.com/il/fairmont_city/munidocs/munidocs?nodeId=382c72b758fab,"building,rooftop",,,,,,,,,,,,,
Fairview Heights,City,St. Clair,,https://www.cofh.org/DocumentCenter/View/91/Fairview-Heights-Comprehensive-Plan-PDF,None,https://cofh.maps.arcgis.com/apps/mapviewer/index.html?webmap=ecf7b26358834b87bc9857ea6d934fdc,"building,rooftop",,,,,,,,,,,,,
Godfrey,Village,Madison,,https://godfreyil.org/wp-content/uploads/2024/02/2021-Village-of-Godfrey-Comprehensive-Plan.pdf,None,https://godfreyil.org/wp-content/uploads/2018/06/January2015.pdf,Yes,"Arena Road House Solar, LLC Solar Farm","Denied on June 3, 2025 by the Village Board",2025,0-6,N/A,5 MW,"-Concerns about effects on drinking water (well water), toxic materials in panels, and disposal.
-Operational concerns: weather dependency (clouds/snow), power storage, grid integration, panel/converter/voltage specifics, power surges/brownouts.
-Visual impact and property values: concerns about resale value of homes due to solar farm proximity, and appearance from the road.
-Vegetation: desire for native plants and pollinators, concerns about invasive species.
-Financial benefits: questions on how much of the proposed tax revenue would go to Godfrey.
-Developer reliability: questions about the company's longevity and track record (claimed only 1 year, no completed projects yet).
-Site impact: effect on Rocky Fork Creek/spring during construction, heat increase from panels and effect on vegetation.
-Emergency plan details: details on horn signals.","
-P&Z noted missing or incorrect materials: (e.g., engineer’s report, office notes, wrong fire department cited), need better proofreading and raises doubts about the company’s long‑term performance
-Property owner discrepancy: Incorrect property owner listed on some exhibits.
-Accuracy of studies: Concerns that environmental impact studies presented were not local.
-Decommissioning: Desire for a bond in case the company disappears.
-Village endorsement: Reluctance to host an open house in Village Hall to avoid implying Village support.
-Financial benefits questioned: P&Z Chair Robin Long stated the 10% discount for residents was minimal and the property tax return ""not a big return for Godfrey"".","3406 W. Delmar Ave., Godfrey, IL. The project site is 29 acres and is planned to be screened by existing vegetation.","https://drive.google.com/file/d/1S2JF_G40QRukpFC5cRzBNC1d38wXgFwJ/view?usp=drive_link
https://drive.google.com/file/d/1xhsUhKnZPqGBo8o-o8J0Kv64UsYkh0q4/view?usp=drive_link
https://drive.google.com/file/d/1SBR7pz7hb9zVwE6J3NVk5nPbh6nT7dTL/view?usp=drive_link
https://drive.google.com/file/d/109CNtTVuFLYVQA4u4YuF4iisxA0MC_cJ/view?usp=drive_link,%20https://drive.google.com/file/d/1G84hyz7pYFfoBOiTV0BzMZAKMaYOTU_e/view?usp=drive_link
https://drive.google.com/file/d/1fVhAEBD1I_sPqf6truFuUIzPLRNCpvGO/view?usp=drive_link
https://drive.google.com/file/d/1hGzXhC1uJHL7IlenaEyMuaCJtfKajo9Q/view?usp=drive_link
",https://drive.google.com/drive/folders/1_8rmLWUQv8bsoxTjJBcOviGpSpDqOH55?usp=drive_link,2,2
Granite City,City,Madison,,https://cms2.revize.com/revize/granitecityIllionis/Documents/Departments/Building%20Zoning/Comprehensive%20Development%20Plan/Comprehensive_Plan.pdf,None,https://www.egovlink.com/public_documents300/granitecity/published_documents/Departments/Public%20Works/Building%20and%20Zoning/Forms%20and%20Resources/Zoning_Map_02-23-07.pdf,Yes,Mulberry Solar LLC (Solar Farm),"Approved by City Council by July 1, 2021 (reported by Alderman Dan McDowell).",2021,"All ayes (unanimous): John Janek, Mark Davis, Mary Jo Akeman, Peggy Cunningham, Roger Tracy, Don Scaturro, Sharon Ryan, Joe Hackler",N/A,5 MW,"-Joe Hackler inquired about a decommissioning plan.
-Brad Eavenson questioned who would maintain the property (e.g., mowing).
-Paul Hellrich and other City Community Groups endorsed the project.","-Joe Hackler inquired about a decommissioning plan.
-Brad Eavenson asked about property maintenance.
-Derek Filcoff asked about property ownership.",22-1-20-07-00-000-007.001.,"https://drive.google.com/file/d/12uqTNhHLCL1B1WhWHVyTejlDug_j9D4R/view?usp=drive_link
https://drive.google.com/file/d/1gOC4O4J1Cmf89mQRA9aEJC0pwrR3EIA2/view?usp=drive_link
",https://drive.google.com/drive/folders/1dOAj8saxbzxdVfDy1sDI4ClEgh-8hulC?usp=drive_link,3,3
Granite City,City,Madison,,https://cms2.revize.com/revize/granitecityIllionis/Documents/Departments/Building%20Zoning/Comprehensive%20Development%20Plan/Comprehensive_Plan.pdf,None,https://www.egovlink.com/public_documents300/granitecity/published_documents/Departments/Public%20Works/Building%20and%20Zoning/Forms%20and%20Resources/Zoning_Map_02-23-07.pdf,Yes,Madison Solar 1 LLC / Madison Solar 1b LLC (Two Solar Farms),"Undetermined: Approved by Plan Commission on July 6, 2023.
The City Council was scheduled to make the final determination on July 25, 2023. ",N/A,"4-2 (Yea:Shirley Howard, Mary Jo Akeman, Peggy Cunningham, Dan Monroe; Nay: Don Scaturro, Sharon Ryan) (July 6, 2023)",N/A,N/A,"-Property value decrease: A resident believed the project would primarily benefit Granite City through tax money, otherss voiced concerns about their property values dropping tremendously
-Flooding: Concerns about severe flooding on the property, with one resident reporting 14 inches of water near their home and no drainage.
-Inadequate public notice: A resident felt the 300-foot radius for sending letters was ""poorly done"" and that notices should have been sent to a wider area, as many were unaware of the project.
-Radiation/EMF/RFI: Questions were raised about potential radiation or Electro Magnetic Fields (EMF) from the solar panels and Radio Frequency Interference (RFI).
-High-pressure gas line: Concerns about a high-pressure gas line running through the property and the safety implications.","-Property maintenance: Rick Daily, Building & Zoning Administrator, emphasized strict enforcement of grass upkeep, with potential citations of $750.00 per day for non-compliance.
-Gas line setback: The developer confirmed plans to stay at least 50 feet away from the gas pipeline.",22-2-20-03-00-000-002.,https://drive.google.com/file/d/1SJM2_mKkRO1NfujjGxQVDSqZiXEQTeQL/view?usp=drive_link,https://drive.google.com/drive/folders/1dOAj8saxbzxdVfDy1sDI4ClEgh-8hulC?usp=drive_link,2,2
Granite City,City,Madison,,https://cms2.revize.com/revize/granitecityIllionis/Documents/Departments/Building%20Zoning/Comprehensive%20Development%20Plan/Comprehensive_Plan.pdf,None,https://www.egovlink.com/public_documents300/granitecity/published_documents/Departments/Public%20Works/Building%20and%20Zoning/Forms%20and%20Resources/Zoning_Map_02-23-07.pdf,Yes,"Granite City Solar, LLC
St. John Solar, LLC
Pontoon Beach Solar, LLC","Approved. The ""decommissioning plans"" were approved by the City Council on March 25, 2025.",2025,"All ayes (unanimous): Alderperson McDowell, Pickerell, Davis, Eavenson, Smith, Harrington, LeMaster, Hawkins, Pierson, and Garcia",The revised zoning code would allow for up to 6 solar farms within Granite City limits.,N/A,N/A,"-Inadequate decommissioning bonds: Mayor Parkinson stated that previous bonds for decommissioning were insufficient, and the city approved ordinance includes a ""reoccurring five-year review of the bond"" to protect taxpayers from future cleanup costs.
-Disposal of panels: The Mayor mentioned that panels need to be disposed of in a hazardous dump site.",N/A,"https://drive.google.com/file/d/1sxORxu1Dwiw2Rx00_Jycae8r_dZFxHgd/view?usp=drive_link
https://drive.google.com/file/d/1trjP93ZevJ5P-0-rVMPubWGEpzfUrkUc/view?usp=drive_link
https://drive.google.com/file/d/1Opmva92z2_eaBoORsUIgh6CiUOrhl0ds/view?usp=drive_link
https://drive.google.com/file/d/15A9f0z0xeisvbEvRZoFuyRZ8tTSN0Ffh/view?usp=drive_link",https://drive.google.com/drive/folders/1dOAj8saxbzxdVfDy1sDI4ClEgh-8hulC?usp=drive_link,3,3
Hartford,Village,Madison,,N/A,None,,"building,rooftop",,,,,,,,,,,,,
Morton,Village,Tazewell,,https://www.morton-il.gov/wp-content/uploads/2024/10/2019-Comprehensive-Plan-Update_Complete.pdf,None,https://mortongis-morton-il.hub.arcgis.com/apps/19de0f5a2f474770b57b64c7efa3ad7a/explore,Yes,"Morton Solar, LLC (Case 18-46-S)",Denied by Village Board of Trustees on 2018-10-01.,2018,"6-0 (Yea:Belsley, Blunier, Heer, Leman, Newman, Parrott)",N/A,N/A,N/A,Too close to an area that is zoned for future residential development,N/A.,"https://drive.google.com/file/d/1bDI4i-F6s_iI6KEVRpqVeUICcbw5R4Li/view?usp=drive_link,%20https://drive.google.com/file/d/1d4X6SDeKYAQ-R1UUfY5RBWNlTVZSoTVh/view?usp=drive_link
https://drive.google.com/file/d/1knIeOsfjAkWL9WSf-8EdAi1B28F_mfKb/view?usp=drive_link
https://drive.google.com/file/d/1UV-eCAz9Ln5rX3eUk7YmnJRpEWujkioG/view?usp=drive_link",https://drive.google.com/drive/folders/11r7bT5CoqaYHDaw81yJJlxERHtFvV4zQ?usp=drive_link,1,1
Morton,Village,Tazewell,,https://www.morton-il.gov/wp-content/uploads/2024/10/2019-Comprehensive-Plan-Update_Complete.pdf,None,https://mortongis-morton-il.hub.arcgis.com/apps/19de0f5a2f474770b57b64c7efa3ad7a/explore,Yes,Unsicker Solar Farms,Denied by Village of Morton (Resolution urging Tazewell County to deny) on 2024-07-29.,2024,"0-5-1 (Nay: Blunier, Hilliard, Leitch, Menold, Parrott; Absent: Newman) (Resolution 17-25)",N/A,"Each of the three petitions is for a 5 MW
covering approximately 51.38 acres",N/A,"-Incompatible with the Village's Comprehensive Plan for industrial development.
-Village invested $1.25 million to increase water capacity to facilitate industrial growth in this area.
-Increased demand for buildable industrial sites within the Village.
-Commercial solar farms potentially hindering future industrial development.",Part of PIN 05-05-24-400-014.,"https://drive.google.com/file/d/1VmMYh5Pv8T43Z3l7T0kvRXoOvpGYcZYX/view?usp=drive_link
https://drive.google.com/file/d/1V5ULls6RJEZMRM0tvnNe7BMIOBjRR3mi/view?usp=drive_link
",https://drive.google.com/drive/folders/11r7bT5CoqaYHDaw81yJJlxERHtFvV4zQ?usp=drive_link,1,1
Mount Vernon,City,Jefferson,,https://www.mtvernon.com/media/1ltlczjl/comprehensive-plan-2022-2032.pdf,None,https://www.mtvernon.com/media/5vejzkgn/zoning_nov2023.pdf,Yes,Solar Farm,"Approved by City Council on November 20, 2023.",2023,"5-0 (Yea: Botch, Gliosci, Moore, Young, Lewis)",N/A,A 30-acre commercial solar facility,N/A,"-How the energy generated would be used
-Whether it would affect the City's aggregation program",9240 East Sahara Road,https://drive.google.com/file/d/19bOxAaus-p3yXEg2JK42-mpR7-2lDt-N/view,https://drive.google.com/drive/folders/11aqxHh5sRLmYPazAVrpvuLJZDtfOMsb9?usp=drive_link,3,3
Mount Vernon,City,Jefferson,,https://www.mtvernon.com/media/1ltlczjl/comprehensive-plan-2022-2032.pdf,None,https://www.mtvernon.com/media/5vejzkgn/zoning_nov2023.pdf,Yes,"Harper Creek Solar, LLC","Approved by the City Council on Monday, November 18, 2024
Construction is expected to start at the end of next fall (2025) or early next spring (2026).",2024,"4-1 (Yea: Botch, Gliosci, Moore, Lewis; Nay: Young)",N/A,N/A,"-Discrepancies in the application submitted to the City.
-Drainage issues and increased flooding on Dodds Street if the ground is leveled.
-Fire hazards due to the project's proximity to a residential neighborhood.
-Cost of a subscription for the promised 10% decrease in power bills.
-Would not look good for the City and negatively impact its image, and is not beneficial for the City's growth.
-Property's status as county land and the City's jurisdiction over it (the City controls zoning for 1.5 miles outside city limits)
-Tax implications for the City (estimated $4,000.00 a year based on county taxes)",-Council Member Mike Young suggested tabling the motion for further discussion,Veteran’s Memorial Drive,"https://drive.google.com/file/d/1EEr2SyktI7Q1AY8pSGgKXcMSFLvT22gX/view?usp=drive_link
https://drive.google.com/file/d/1enFts7Seqo2qnn1cwU1FpZsud2vQWGUO/view?usp=drive_link",https://drive.google.com/drive/folders/11aqxHh5sRLmYPazAVrpvuLJZDtfOMsb9?usp=drive_link,2,2
Quincy,City,Adams,,https://www.quincyil.gov/growth/economic-development/planning-development,None,https://www.quincyil.gov/home/showpublisheddocument/8052/638653866249330000,Yes,Quincy Regional Airport Solar Array,"Approved by the City Council on March 6, 2023.",2023,13-1-1,N/A,N/A,N/A,"-The original funding plan involved a loan from the Capital Projects Fund, but was later changed to a loan from the General Fund.
-The Guaranteed Energy Savings Contract required the City to place 85% of the price into escrow within 30 days of the effective date.","Quincy Regional Airport, 1645 IL-104, Quincy, IL 62305.","https://drive.google.com/file/d/1UswHy54IDyCbehanD3OfXOpyorNPN3Ao/view?usp=drive_link
https://drive.google.com/file/d/1STAdyZAycaxVQyx2_TFTSS-cB8OSRGIp/view?usp=drive_link
https://drive.google.com/file/d/1lum24uG3WdkoQn9-hAtR7rsPEZZDRbjl/view?usp=drive_link
https://drive.google.com/file/d/1qLgCClRSCzMqB-WCQ1LW3H5Kl1mYsEcA/view?usp=drive_link,%20https://drive.google.com/file/d/11uj0vLOsE_zKzWxZzdn2n_Sy3fy-Y3Cx/view?usp=drive_link",https://drive.google.com/drive/folders/1Z8riL-WrJaPsuNb9W7GX0gAE_AA3yTL-?usp=drive_link,3,3
Quincy,City,Adams,,https://www.quincyil.gov/growth/economic-development/planning-development,None,https://www.quincyil.gov/home/showpublisheddocument/8052/638653866249330001,Yes,"Illinois PV Adams 2A&2B, LLC Solar Farms","Approved: The Plan Commission recommended approval of a Special Permit for Planned Development contingent on an approved site plan and a road agreement. The City Council received and concurred with the Plan Commission's approval on December 2, 2024.",2024,13-0-1,M1 (light industrial).,2 * 2 MW = 4MW,N/A,N/A,2815 Ellington Road,"https://drive.google.com/file/d/1N6XT0W3NCYB28P8embdstUMDZ2__nzdT/view?usp=drive_link
https://drive.google.com/file/d/1LTE52GLoLwR-0B3YlxmHH9C9CUUgERI0/view?usp=drive_link
https://drive.google.com/file/d/1KgefYbh3TIqUAz4lFLn2n9u_bUqp9ggF/view?usp=drive_link",https://drive.google.com/drive/folders/1Z8riL-WrJaPsuNb9W7GX0gAE_AA3yTL-?usp=drive_link,3,3
Quincy,City,Adams,,https://www.quincyil.gov/growth/economic-development/planning-development,None,https://www.quincyil.gov/home/showpublisheddocument/8052/638653866249330002,Yes,"Quincy IL Solar 3, LLC","Denied: The City Council received and concurred with the Plan Commission's denial on June 2, 2025.",2025,"Planning Commission: recommending denial
City Council vote: 4-8-2",RU1 (rural/agricultural).,Proposed on a 36-acre parcel.,"-Gerald Rose: Expressed opposition to the solar farm at 3622 Ellington Road.
-Jack Winking: Stated the solar farm should be further out in the country.
-Moira Cronin: Requested an extension for the Plan Commission report so all Aldermen could be present to vote.
-Dennis Klauser: Stated he does not want the solar farm.
-Harold Ellerbrock (owner of 3622 Ellington Road): Stated ""problem in Quincy"" in relation to the solar farm.",N/A,3622 Ellington Road,"https://drive.google.com/file/d/16YTDux3MjbNAurwWZnsEiJtrzGkyItYh/view?usp=drive_link
https://drive.google.com/file/d/1IzROIkH9r6y0np5awg5EApTmh-PXLH4-/view?usp=drive_link
https://drive.google.com/file/d/1N8mjsuf2VlDBj_nioIloTajiCCR0Lm0v/view?usp=drive_link",https://drive.google.com/drive/folders/1Z8riL-WrJaPsuNb9W7GX0gAE_AA3yTL-?usp=drive_link,1,1
South Roxana,Village,Madison,,N/A,None,https://southroxana.org/wp-content/uploads/2024/10/south-roxana-zoning-map.jpg,No,,,,,,,,,,,,,
Valmeyer,Village,Monroe,,N/A,None,https://monroecountyil.maps.arcgis.com/apps/webappviewer/index.html?id=a35dcbd4f27f4e5695344bd62a15600c,No,,,,,,,,,,,,,
Wood River,City,Madison,,https://woodriver.org/wp-content/uploads/2023/06/Wood-River-Comp-Plan-FINAL.pdf,None,https://experience.arcgis.com/experience/fe7e0b109435413690fed6377c662f93,No,,,,,,,,,,,,,